LogisticRegression,RandomForest,XGBoost,CatBoost,MLP
0.0942531687828862,0.01,0.039282236248254776,0.04008482549106508,0.0010055934848462174
0.286073507334403,0.05,0.3750613331794739,0.18743400573051025,0.0010372915499873596
0.21954815997384639,0.0,0.04678823798894882,0.030544140965421695,0.0009714720102117329
0.2524449354398635,0.02,0.12116674333810806,0.1099721870516201,0.0008547616687452475
0.5795639548391373,0.03,0.6163147687911987,0.4029566911113281,0.006319088932833622
0.5188274514509119,0.11,0.6179741024971008,0.3726452167390007,0.016934200904466533
0.32227037638736883,0.0,0.3267306387424469,0.14569306479903765,0.005565399114506154
0.051688024707298844,0.01,0.11842428892850876,0.08756764944518242,0.0007668508989415647
0.4281904070750658,0.01,0.1559031903743744,0.1969065086416798,0.019143242801581303
0.34009274983474314,0.13,0.579582691192627,0.5464545594826322,0.2524877824856605
0.306868446179564,0.0,0.24553698301315308,0.26792394426101646,0.008273953362953935
0.43835384646872744,0.06,0.6594337821006775,0.6106760624375706,0.024460113228474717
0.1260596348690612,0.01,0.09570012986660004,0.07406632627907926,0.004129155853365499
0.7859864424819083,0.03,0.4685215353965759,0.09732933791567447,0.0010290715833228634
0.26846534398965055,0.0,0.08371880650520325,0.08403345642328786,0.003455773107527966
0.8892512245104441,0.41,0.9206859469413757,0.9100056674050738,0.6485661808609829
0.28256615023089693,0.0,0.1301688402891159,0.13457031241525658,0.0002745526927961718
0.3861348104636353,0.07,0.34633901715278625,0.37063754208375665,0.015454669009887867
0.2329788881756227,0.0,0.1848796159029007,0.14435801215640992,0.00019809496792284548
0.2309665633646474,0.01,0.17213188111782074,0.10922416975767303,0.003823817605620409
0.11873736509465531,0.02,0.20401088893413544,0.11410124570219068,5.5968570112954264e-08
0.9985600865185731,0.85,0.9934840798377991,0.9965002284235224,0.9994224322377814
0.3121973067334017,0.01,0.15500061213970184,0.043605701000179437,0.006224066948755687
0.07360092562716555,0.04,0.13878701627254486,0.028834146512193466,0.0002139286329490827
0.37889094967129544,0.0,0.36981043219566345,0.42376145183437236,0.0019370525677080365
0.07454444544340848,0.0,0.09559565037488937,0.06917418265800877,0.0005244180105695224
0.8042489203167462,0.11,0.7497285604476929,0.4010678672631093,0.13882475261788813
0.24902530659951186,0.01,0.28466951847076416,0.2811844588058603,0.001021015637378865
0.2704468181901305,0.0,0.14051692187786102,0.18399168023010526,0.014632563029594722
0.1814300731104573,0.0,0.21851861476898193,0.20777969893795395,0.0010798432481495307
0.17594983739201353,0.09,0.24342000484466553,0.23663522484762717,0.006585192860795461
0.16043493076160206,0.01,0.17376604676246643,0.1668782484348734,0.0019297889159663633
0.4503958482280392,0.07,0.8107423186302185,0.7419532022608518,0.003187084683237128
0.22589455295882227,0.03,0.1875075250864029,0.22178455923526813,0.00679780020982634
0.08195663954455225,0.02,0.09054035693407059,0.03971829634297891,0.0006850936106166188
0.05815313439305553,0.01,0.06525034457445145,0.03443252593168974,0.00013666446891820956
0.9896054284341489,0.11,0.7463036179542542,0.3779347815995766,0.7688622716463752
0.13199087107969584,0.0,0.07050690054893494,0.06982340175419485,0.0014199630822145988
0.09748256690874625,0.0,0.11708585917949677,0.14366174691517147,0.002577290788143231
0.04827075749309972,0.0,0.10155276954174042,0.10160940004815318,0.0004088545763670298
0.3678848533381457,0.01,0.31989961862564087,0.2970012229805421,0.028423638975970687
0.12205868231709413,0.0,0.08783333748579025,0.02889366812673393,6.890735422436101e-05
0.6135466716072506,0.07,0.65973961353302,0.26618664037782147,0.0013861488521838055
0.17812153582128523,0.01,0.11395028233528137,0.05504456028508839,0.01073797753797065
0.8207806028138568,0.22,0.855053186416626,0.6521176485099109,0.1439497843827374
0.3721124965455355,0.01,0.2671317756175995,0.24852019294973707,0.005513584024818172
0.42987391216786297,0.0,0.3360876142978668,0.20148980370349792,0.0028178122466366137
0.16795901249241812,0.0,0.057452764362096786,0.06052518355748691,0.009173397681263733
0.05864620328682761,0.01,0.09567411243915558,0.11428167241197966,0.0041071260351354935
0.18523162182468883,0.0,0.2140830010175705,0.11676303215492503,0.03347964531264304
0.37138676355287004,0.0,0.16288410127162933,0.1475353492281123,0.00440407448974703
0.6646965052701063,0.07,0.331876665353775,0.1156437946250195,0.0025023830188930264
0.08711286863774907,0.01,0.25398194789886475,0.31621543919555073,0.0021736992674739886
0.3349102100050764,0.01,0.32048776745796204,0.41545759767762114,0.004941350252944438
0.11990536999220178,0.0,0.16103392839431763,0.14269433235529813,0.011921758111629346
0.5570773625440885,0.04,0.48835256695747375,0.26062354039698354,0.008929691127539663
0.2972191587228925,0.01,0.16979600489139557,0.20587259093102,0.010598150179095656
0.2515634967810299,0.02,0.20104998350143433,0.18606327487311258,0.025495602596730636
0.5209201148615286,0.02,0.06454752385616302,0.032399133366968494,0.00012346700616438355
0.18272195561753066,0.0,0.11435101926326752,0.05960935761130082,0.002222986774626314
0.27705260104492924,0.0,0.1829928755760193,0.23188896172940546,0.011998521855352866
0.4986598918664604,0.11,0.652905285358429,0.2798631925466707,0.002147246513582023
0.21842119962675566,0.0,0.03293202444911003,0.011065852513316926,1.5606797064032468e-05
0.15252861788552,0.01,0.13446757197380066,0.03851954808456976,6.5477764961810614e-06
0.11135924214231284,0.02,0.10237420350313187,0.11603489971419653,1.8615071133232243e-05
0.4165431347175791,0.08,0.29037609696388245,0.359899868657396,0.02930271850208717
0.369309535305321,0.0,0.3532368540763855,0.289149410180603,0.0024622934392065214
0.5768034944633665,0.06,0.5042355060577393,0.22776496270010294,0.004008802194178716
0.1473768091923037,0.0,0.12631772458553314,0.039396433851310565,0.0030675957234140485
0.013053066539789927,0.02,0.04348548874258995,0.013006389228469974,1.3437044699843829e-11
0.39402518597775105,0.05,0.320125013589859,0.25589994721285736,0.017150352329977248
0.2142821652239544,0.02,0.5117419362068176,0.5187022301062811,0.003043337629564424
0.05996154794681071,0.0,0.031080272048711777,0.033018228267273915,0.0024908029840290183
0.11644358025771286,0.0,0.06069347262382507,0.030211535373008958,0.0038973318750710768
0.4064270416641785,0.08,0.4706217646598816,0.30716978744864076,0.04519901324431276
0.0604411528540859,0.0,0.04064548760652542,0.01310852885201755,0.001110635381532888
0.13641054784870102,0.0,0.10757654160261154,0.10135166110224399,0.005642923733528662
0.1862563926905245,0.0,0.16244006156921387,0.17583365017279837,0.0017110580336461728
0.07823913474807113,0.0,0.04998556524515152,0.03192646370322579,0.00023259003875935913
0.14789269057002216,0.0,0.11103100329637527,0.05959617196845678,0.0009947818636293756
0.09520169303786474,0.03,0.11492805927991867,0.04433013333119469,5.216817503070285e-12
0.19886114780026284,0.0,0.07986070960760117,0.04596386227398436,0.0026201317290705196
0.5353858979908973,0.01,0.48826298117637634,0.44509170276492976,0.13081768275190098
0.6286840493826056,0.34,0.9185543060302734,0.9118692524489481,0.49375119230533043
0.07234061416704404,0.0,0.08376472443342209,0.056458232693428125,0.00021205298423021172
0.04659910771492859,0.0,0.09188666939735413,0.03602632612153073,0.0008014177251004233
0.33387750182793235,0.0,0.1671573370695114,0.09579488315078911,0.004020707221001519
0.6506207826891562,0.03,0.4675837755203247,0.6560402191223961,0.007540650380089556
0.13355867030823346,0.0,0.19059453904628754,0.12440747894303965,0.013170734889214646
0.21855415820142765,0.0,0.2007855772972107,0.09025571108828001,0.0009048943791607473
0.29909405976020226,0.01,0.2541131377220154,0.24510856995909042,0.0016060845267369885
0.1809350540040368,0.02,0.10545838624238968,0.0716036905372972,0.001367315331040621
0.08803121086908808,0.0,0.08106804639101028,0.0566817788215899,0.0007378116374895387
0.5151850465553316,0.01,0.3638138175010681,0.3017554620910034,0.004948778473242389
0.0702875205420037,0.01,0.09403295069932938,0.06355331808255646,0.0019273656570409365
0.12294438088870534,0.01,0.10456718504428864,0.06239472136077115,0.00037310904634805007
0.18094729980610624,0.01,0.15465998649597168,0.012941508826889847,0.003082114899672077
0.426689194700967,0.01,0.10170899331569672,0.2360802740890142,7.977006336980682e-05
0.4581438535894678,0.02,0.21346427500247955,0.12757436851794632,0.00835088944686868
0.07169174086726189,0.0,0.08984742313623428,0.012555775300536597,0.0007964155599287348
0.29248901332919586,0.03,0.33326560258865356,0.20416573615408518,0.0028091457783278565
0.09029396884806123,0.0,0.03178159147500992,0.02910705249811543,0.0003455951559300242
0.21364297695743303,0.0,0.15145562589168549,0.12782904518981236,0.008509681564389268
0.797851645827149,0.05,0.526451826095581,0.44030097819183756,0.07521215521941889
0.5337970283188573,0.01,0.26589855551719666,0.13968859772316952,0.009208818015354987
0.15721807086838804,0.0,0.11690720170736313,0.0484460735864917,0.0009189858753210868
0.20183904319726706,0.0,0.09325055778026581,0.07935497797496394,0.0009795378600915053
0.13234480880289048,0.0,0.09063368290662766,0.12455791765295107,0.005653316876073643
0.9999999617225698,0.83,0.9905270338058472,0.9937092644621538,0.9999999999791178
0.16360476445672947,0.0,0.1931702047586441,0.11957619945987345,0.0022408592933663243
0.22480514852605143,0.01,0.17562773823738098,0.15251536214198566,0.01238430238619572
0.9998095448267084,0.56,0.9908243417739868,0.9950338446550151,0.9719008500907932
0.05942848553782694,0.0,0.049737147986888885,0.04208131528489006,6.907675438199539e-05
0.5060910027548492,0.07,0.45262134075164795,0.414714655985117,0.01615601514594015
0.08520320384369703,0.01,0.12073878198862076,0.22955370211181184,0.0047796450623231405
0.6637528579220562,0.01,0.3006912171840668,0.3808983746858636,0.24504772141135195
0.3333126939237637,0.02,0.20666444301605225,0.14739567638550458,0.0012235891779438493
0.3324768490717652,0.01,0.26029983162879944,0.331915343476183,0.00450626078370635
0.37364184526885447,0.01,0.13477522134780884,0.11620504576802645,0.0048046423050979335
0.08137846744025776,0.01,0.15080620348453522,0.15716371263700335,0.0009715984686654936
0.45772598197962194,0.02,0.42081478238105774,0.3404521213204795,0.07935717332106772
0.34349128222701664,0.02,0.15048345923423767,0.12649236336609002,0.005033475999945049
0.4084364139236974,0.02,0.24267332255840302,0.09700086117354126,0.0021392671671130715
0.27878851202335736,0.01,0.14646868407726288,0.21817651517199446,0.0008157157113490168
0.4874925127553216,0.06,0.5447511076927185,0.3934988554778886,0.23820967975452892
0.044913358615055465,0.01,0.05733179301023483,0.019080754938676732,3.168655361231704e-05
0.07388637126663111,0.0,0.043391019105911255,0.023896082881920393,0.00410288825513632
0.07311952486847995,0.0,0.13386815786361694,0.16414127526333294,0.0015263104073553982
0.38204077579368373,0.02,0.3046684265136719,0.3919319452443468,4.1244578962414645e-05
0.7882409368387883,0.13,0.7913705110549927,0.7186937491520119,0.3602493726864478
0.053810513906244514,0.0,0.09827914834022522,0.11222377454545035,0.0028419379449692926
0.999999149883758,0.96,0.9960428476333618,0.9919233252271937,0.9999997814466532
0.33093435041271513,0.0,0.33788883686065674,0.27235244673839265,0.00815164279679746
0.42964972156815945,0.03,0.24568915367126465,0.25754870236691063,0.05144208355151679
0.3993010745202647,0.05,0.33655786514282227,0.31542595755419983,0.002498249418815001
0.07391866413550488,0.0,0.09433265775442123,0.028993127177856768,0.004318561546409081
0.11066941801498126,0.0,0.1516014188528061,0.14343870806239242,0.005699576013925112
0.5293102799744478,0.07,0.5280017852783203,0.5389554516840113,0.12684969415395006
0.22274762153999447,0.01,0.19688276946544647,0.16281119037272776,0.005795826320767558
0.349781847398962,0.03,0.1984795331954956,0.2725290249103973,4.59593842067931e-05
0.08437586890776601,0.0,0.03682394325733185,0.010028890234726558,0.0002823511742003237
0.05437600257888264,0.0,0.05564500391483307,0.04524920658960046,0.01027862236346036
0.8056197274985122,0.06,0.6144127249717712,0.5422364704305148,0.4507407146473161
0.12902720792419772,0.01,0.12360883504152298,0.09007349741359487,0.001983847795855265
0.430823419727897,0.01,0.4039197862148285,0.3318280522974226,0.0316753152009189
0.2346065944312265,0.0,0.03266434744000435,0.020972706953809917,0.0003923159415486271
0.18786972252295733,0.0,0.1539686769247055,0.02786419710786402,0.00012492735092958253
0.4214412337909071,0.1,0.731020450592041,0.6746178415149854,0.015889890166405272
0.9265306547657215,0.28,0.9180135726928711,0.8765055282749742,0.3363974194377079
0.02237906362762964,0.04,0.14960677921772003,0.1389484758612462,3.8524773385679306e-08
0.0736995727994267,0.0,0.07504153251647949,0.05139140280691377,0.0018024256608163282
0.5838621367479484,0.21,0.41544222831726074,0.5110116183803932,0.07621154593344828
0.34461885304270734,0.0,0.3054810166358948,0.2911986233384834,0.0038542231944122003
0.6476446492670224,0.01,0.4655921757221222,0.32162461602918396,3.5613276593278344e-05
0.32435255195718843,0.01,0.18959255516529083,0.11791472963316785,0.0010705809371276494
0.18427371562589334,0.0,0.15251265466213226,0.10464655878029608,0.0024152490753841806
0.551332280730811,0.0,0.15627853572368622,0.050191327570753064,0.01847649480508066
0.1714050896043109,0.0,0.10489730536937714,0.03294291499086201,0.0031752886149489005
0.18597362439951703,0.0,0.08964765071868896,0.046253163434287335,0.0005646745759286321
0.5396075614969883,0.23,0.8765077590942383,0.8411544560533307,0.09186413369289607
0.0782710174516319,0.0,0.16661833226680756,0.15212237142334878,0.007459295720563056
0.7109746360758116,0.01,0.5572748780250549,0.43057177727849083,0.011333594581142295
0.09192862308225844,0.0,0.08499077707529068,0.1141379273794652,0.002458317451560744
0.25455147836160347,0.0,0.19894303381443024,0.20577520974189362,0.001661920058462196
0.5450227739761754,0.05,0.5340923070907593,0.36245985654074603,0.0011485550782164482
0.6128573311936283,0.04,0.4561328589916229,0.5110774748033472,0.09856248159610657
0.1280313839194741,0.0,0.09682410955429077,0.042618853021073724,0.0022828227874232094
0.05248839967880831,0.0,0.0883512943983078,0.07865846071525195,0.0002482723697805223
0.2273103685208157,0.0,0.1283615380525589,0.17197264509449414,0.01552790813093229
0.10775646051594988,0.01,0.1017325222492218,0.10770231148282733,0.001646037517792694
0.5935040538859939,0.03,0.14376601576805115,0.28833812905586537,5.715427984357498e-05
0.24003706653625678,0.0,0.056605540215969086,0.04778312307343609,0.004487923588743039
0.6569833789637692,0.1,0.6164564490318298,0.5648535215471385,0.037994337752549116
0.14769319167006442,0.0,0.22164835035800934,0.12105013731089995,0.0025742023071873904
0.48972109831145094,0.01,0.3108011782169342,0.19444235113928898,0.0053339026125236505
0.13931584929699614,0.03,0.18349546194076538,0.07684306744197822,1.3821395886895776e-09
0.23809071670477588,0.05,0.14529363811016083,0.06081639600082505,0.00017000815272851753
0.7012207078065392,0.04,0.6593599319458008,0.6522382942319013,0.0031559534568796808
0.044876775651,0.03,0.09634459018707275,0.026528453886977086,0.011337999716916286
0.16887414606447926,0.0,0.24254648387432098,0.16874954197320852,0.002630021455880343
0.2150562584765535,0.01,0.19136205315589905,0.1304537609580437,0.00024113212506776042
0.47174689750899523,0.02,0.0503162182867527,0.06824191853464451,0.00024344776426104715
0.7290197490671606,0.04,0.36629652976989746,0.2572987455469131,0.0029228052092247683
0.3447156940713047,0.01,0.40459761023521423,0.2838346047608702,0.05380930991724659
0.41116730254479933,0.01,0.3215177357196808,0.35702394426412976,0.009416461813855232
0.29937792479460035,0.03,0.41729551553726196,0.3236938585772154,0.0003349772202513468
0.6981532859962987,0.06,0.2865181863307953,0.4922224668037776,0.005498199976193397
0.28450588017027667,0.0,0.3296906650066376,0.251558386894524,0.0046882514128279715
0.7827245328641437,0.05,0.2962847352027893,0.0626630100408189,0.02015181225891089
0.4479344594259412,0.03,0.2669465243816376,0.1809119871681375,0.000612454795511883
0.5194699844407107,0.03,0.3803044855594635,0.3691942444801421,0.003499993744684807
0.3452373691760909,0.13,0.8138227462768555,0.6942101044716839,0.10833502842228929
0.12851593028760774,0.02,0.15730364620685577,0.09916506040076696,0.00031543833549265007
0.2972290140705144,0.02,0.20221976935863495,0.18418559495957448,0.1666403993933207
0.3060915803297653,0.0,0.15921950340270996,0.13329089564208407,0.010871611980464576
0.3260165145429505,0.02,0.23385262489318848,0.41118548128124044,0.006202567954773323
0.14384366893826891,0.0,0.05946351960301399,0.023974721826718965,0.0014970233483688174
0.41398814155825386,0.02,0.3087608814239502,0.3385349656598468,0.01865796658238207
0.27376378149798936,0.0,0.25725874304771423,0.12246969704170002,0.027191349950339474
0.2913677911361849,0.03,0.5632364749908447,0.355973517073487,0.013364830519728968
